name,phone
Kassandra,409-391-2452
Tabor,871-130-8805
Breena,661-284-2891
Steven,383-496-3350
Kare,195-464-2915
Reinaldos,237-428-2332
Darby,127-498-0004
Seumas,129-989-0539
Currey,215-481-8954
Dorice,147-185-0819
Nari,217-559-3622
Mikey,668-132-9216
Leticia,942-899-6368
Marylynne,635-798-2799
Augusta,272-837-0602
Kelila,414-400-0150
Dominique,591-918-2325
Vernen,118-886-1145
Karalee,472-580-3843
Alida,622-253-5055
Carlynne,374-871-8735
Rodney,532-390-9761
Horton,924-228-5562
Dahlia,809-208-6362
Aurora,699-841-7779
Dag,597-526-8280
Magdalene,693-549-6358
Avram,301-511-1534
Emilie,408-477-0050
Shana,790-842-4891
Edmund,258-411-1217
Lloyd,399-324-2943
Eduard,292-434-4380
Merell,263-825-2680
Stewart,525-580-9330
Adah,470-110-0951
Blondell,588-692-4832
Hayley,401-346-0908
Glen,804-589-6402
Isabelle,450-637-0650
Beale,466-283-8814
Chelsy,677-186-1575
Rhett,205-922-2226
Derrick,214-280-2771
Jorie,684-123-4597
Silvana,981-566-2738
Johannah,251-313-5086
Carmen,212-697-7986
Zea,947-983-4835
Hetti,559-434-7073
Moira,425-897-2222
Cherrita,245-509-4971
Nikolai,354-808-7797
Falkner,153-694-5601
Hillard,202-392-7309
Hyatt,865-319-1938
Raddy,869-229-4576
Leyla,266-379-6052
Isadora,348-148-9258
Verene,934-963-8814
Emylee,739-307-6504
Galvan,137-693-5272
Annadiane,298-798-9287
Lissa,154-924-6517
Darin,384-682-2483
Carolin,134-719-9469
Cathe,400-602-8938
Ursulina,461-647-2280
Biddie,687-287-6864
Shani,487-220-0330
Dominica,270-237-1934
Cariotta,758-578-4944
Nicolas,321-903-3076
Elden,171-197-7937
Garrett,861-314-4062
Courtnay,806-704-6078
Leontyne,293-682-7876
Perkin,301-777-3376
Marcus,323-243-0783
Ingamar,440-975-9209
Sabrina,455-213-2675
Jere,898-636-8456
Aloysius,802-398-5748
Gerrie,260-552-4678
Cyndia,646-665-5627
Urbano,652-959-1002
Frederik,363-992-7930
Saunder,585-431-3201
Myriam,340-443-2991
Leisha,703-795-0514
Sutton,910-943-4941
Beryl,585-359-4649
Margi,791-201-1754
Willie,744-851-0972
Craig,429-439-0822
Bryan,361-946-0122
Newton,213-174-9247
Wallis,234-663-3835
Linnet,616-138-1784
Peyton,724-656-6758
Isabelita,693-920-3846
Gaylor,773-685-8715
Verla,605-265-5126
Maury,446-699-2460
Jacqueline,707-952-1393
Hamil,571-906-0619
Antonia,984-247-4065
Dacia,852-751-6980
Minne,173-935-3372
Dalenna,289-165-0621
Rhody,169-111-3174
Henka,901-506-0199
Nataline,637-339-5981
Bartholomew,907-421-0397
Rolland,340-708-6035
Harbert,483-554-5060
Wilone,424-931-7278
Brook,816-314-1836
Diandra,892-167-4353
Kanya,129-784-7326
Cristina,832-988-5560
Jasun,372-775-2876
Matthew,372-644-1435
Eldredge,752-553-8077
Blondy,889-574-5231
Leigha,400-961-2241
Pen,999-729-7317
Lucio,707-606-1781
Pier,800-864-2368
Ronnie,537-613-8258
Deni,723-752-2401
Godfree,771-144-5296
Josephina,663-329-1752
Chandler,110-824-8429
Tania,362-279-3368
Wye,689-449-3797
Stanfield,635-356-0796
Gherardo,989-661-4783
Cross,359-937-9904
Frasquito,684-644-9112
Nickolas,244-596-2317
Wolfgang,387-370-7832
Merla,476-354-9986
Binky,932-686-1167
Amelia,785-594-0276
Sebastian,182-968-4820
Jere,554-608-7683
Coralyn,156-928-3504
Cleavland,648-244-3315
Ailina,980-261-9420
Burch,939-298-3018
Marlane,741-372-4790
Lancelot,559-783-3909
Sianna,841-147-3434
Albert,666-932-8162
Bibi,960-108-7892
Edsel,695-594-3174
Christel,240-304-6495
Frants,996-626-9759
Kipper,369-134-6634
Ansley,460-635-1779
Liza,330-693-9597
Ree,420-108-4125
Helen,228-242-8387
Yurik,463-746-3202
Gayel,195-890-9171
Micah,832-457-3255
Ulrick,200-731-4163
Elwira,452-184-5284
Gabriel,361-699-3731
Tresa,345-749-5723
Bennett,215-187-5329
Liz,608-906-7025
Kalindi,435-239-6920
Meade,368-541-2983
Roberto,554-163-4514
Chlo,464-532-5969
Blair,773-154-6805
Jessee,484-319-0752
Demetrius,332-488-6530
Noni,242-688-7923
Yulma,208-812-2173
Nobie,221-628-8084
Caldwell,876-459-7706
Seamus,301-644-0520
Jasmine,492-866-1605
Pall,156-749-7762
Colin,852-449-5197
Zora,415-714-6555
Glori,632-259-2803
Catina,429-801-1730
Lloyd,417-812-1676
Ravi,590-955-7664
Mason,109-410-8086
Sibilla,112-494-1481
Fidelity,853-386-4271
Urson,741-172-7995
Jaquith,101-568-4351
Jennette,848-657-3201
Dilly,999-687-4205
Leeann,477-726-7648
Federica,596-631-3895
Hillier,497-876-1008
Alejoa,984-869-1767
Brnaby,943-752-3645
Mayne,532-163-4773
Lezlie,532-113-9870
Perry,228-361-0781
Marybelle,869-410-9135
Genni,947-278-8382
Viv,467-887-8634
Meridel,910-382-2582
Dave,535-539-3860
Nahum,402-530-8053
Arlin,957-935-5811
Manuel,768-947-0598
Ilyssa,486-600-2917
Ermentrude,812-474-2544
Dalston,278-707-5268
Clemente,370-939-1391
Tailor,720-951-2894
Marian,607-336-6015
Mitchell,615-501-9638
Cori,691-349-9720
Shermie,760-499-4678
Krissie,666-889-2869
Koressa,308-953-7489
Joli,181-771-1479
Reena,594-710-4283
Eamon,108-829-1310
Clayborn,415-795-7158
Pietro,187-289-3667
Dulcia,976-530-0693
Luce,559-170-0129
Dona,553-821-9605
Royce,626-646-3253
Calli,657-677-0734
Jay,850-310-7897
Eustace,764-887-8768
Amargo,921-562-2518
Hal,908-303-8651
Marjorie,752-424-0723
Brigitte,447-468-1170
Annissa,820-354-5847
Ardisj,250-805-9491
Regen,757-191-1038
Umberto,749-728-3816
Michele,163-425-3816
Raquel,770-618-7310
Ricardo,143-641-3006
Nikolos,509-800-4225
Alonzo,746-423-7776
Jeannine,788-859-4646
Phaedra,971-485-5823
Joey,102-142-4194
Corrianne,241-759-1103
Peadar,500-432-4480
Kristan,254-897-9329
Frannie,704-655-6383
Banky,566-808-0714
Estell,358-907-5804
Allis,285-729-9429
Edd,298-397-4272
Bev,896-467-4585
Emery,911-547-7142
Kathlin,842-530-8933
Gibb,661-615-3637
Cynthie,800-926-4941
Goldina,478-932-2032
Erastus,501-661-4122
Artus,912-680-4389
Zak,237-159-5648
Fonsie,892-665-8841
Amie,349-494-8496
Jean,285-854-7340
Trula,260-421-9047
Neysa,668-904-9504
Linn,541-745-5563
Mycah,391-219-4736
Sophey,859-463-6903
Emilia,389-826-6224
Jermaine,529-121-4035
Victoria,695-442-0991
Mariette,459-598-2592
Rodie,428-836-6930
Rachael,798-130-0276
Nikos,891-769-1508
Brena,248-299-5284
Scarlet,757-517-4470
Bondon,728-497-0433
Staffard,661-661-6142
Vale,565-236-3186
Britta,286-706-4761
Harbert,559-943-8769
Frank,891-677-4803
Peyton,637-709-9179
Aksel,510-734-2100
Karalee,447-114-6518
Moses,733-452-9212
James,677-849-4521
Olvan,877-225-3828
Marnia,351-652-4714
Lorette,186-971-4800
Jonie,411-712-6552
Joana,952-257-0589
Stormy,350-843-7780
Jana,773-822-8308
Roth,251-128-5235
Katleen,626-873-2482
Rinaldo,360-137-2203
Maddy,372-112-4563
Blanche,387-290-5050
Louella,633-923-1414
Alexis,899-687-4426
Welsh,695-790-0463
Dennie,576-595-5986
Jesus,859-136-2364
Audrey,844-642-6155
Rhonda,749-713-2227
Maye,618-117-9251
Rosette,524-551-5660
Dagmar,377-371-9746
Jon,300-418-9256
Wilie,865-290-1759
Hinda,300-499-7660
Minor,548-786-3401
Derby,270-995-1432
Deny,226-511-4342
Stafani,918-745-5418
Lari,153-976-6995
Pacorro,287-222-0108
Marquita,140-842-9846
Ailbert,247-837-7033
Ulick,731-467-6949
Thomasa,327-176-8084
Bree,262-261-2639
Hazel,241-240-3207
Shea,919-369-8429
Doe,780-708-5796
Casandra,441-987-5750
Emili,216-802-9069
Justine,552-643-2402
Odilia,237-800-5002
Jerrome,917-869-4636
Adey,843-139-3493
Lauree,462-405-8203
Lannie,660-979-9728
Blinnie,507-540-3824
Haleigh,174-129-3580
Kelcy,172-329-7344
Dosi,839-503-7373
Elka,421-489-1732
Felicdad,233-899-4358
Correna,558-369-2413
Jenn,594-739-0352
Geordie,256-141-2361
Tillie,499-280-5672
Cord,509-844-9158
Ellerey,733-436-1346
Alie,194-642-6775
Kristofor,916-506-9136
Kin,895-754-4094
Deidre,984-190-7471
Jerome,158-162-9923
Desirae,730-182-2942
Orson,239-571-6047
Robena,543-759-4897
Matty,394-897-4174
Alyosha,617-294-0973
Jaine,307-124-5426
Celinka,850-173-0971
Norry,776-428-7246
Sigismundo,886-923-3062
Tarra,540-980-9968
Adriane,274-527-7472
Filide,540-452-8961
Stevy,781-542-6385
Ulysses,748-585-3550
Reggie,915-744-7017
Carrissa,360-481-1944
Charleen,564-448-1374
Addi,597-798-9477
Prudy,940-421-0457
Milli,800-682-3736
Moore,631-391-1268
Roldan,467-417-9716
Georgeanne,322-487-7975
Guinevere,702-485-3612
Kathryn,957-758-4190
Kelci,523-307-8911
Dominica,904-816-6334
Gilberta,671-412-3648
Vitia,559-735-6395
Lyndsie,134-952-4220
Scarlett,455-170-0981
Giacomo,412-485-0763
Garvin,203-685-1848
Linnell,356-171-7287
Worden,996-954-5005
Hettie,506-623-6588
Etta,178-873-3997
Sutherlan,858-840-0549
Rich,122-420-1589
Jonis,818-153-0564
Megan,830-977-9816
Manda,745-902-8018
Babbette,943-192-7189
Justis,811-607-3697
Karon,211-909-0744
Marris,634-663-7135
Rosamund,986-308-9750
Bren,956-144-6452
Beverie,535-133-3177
Cesaro,319-768-8128
Jemmie,219-526-0037
Halli,193-292-8963
Adelaida,894-357-6796
Vivyan,550-889-8170
Edwina,344-547-3984
Shane,108-231-5021
Susan,212-583-1684
Shirl,256-916-5032
Pamella,942-990-3046
Rafaelia,975-350-8054
Gayla,170-775-6279
Drugi,910-193-4754
Daven,480-464-8429
Cristi,948-206-5351
Dominick,682-375-5285
Rodney,890-598-5905
Danella,409-508-7723
Donnie,527-510-2242
Agatha,312-190-3233
Rod,475-970-3323
Ruy,713-228-7148
Ranee,490-116-5735
Marcy,168-137-7668
Petrina,140-664-9640
Zondra,352-259-2917
Goddart,778-908-8799
Lindsay,186-140-3065
Cornie,730-506-9322
Hillary,177-314-9393
Dmitri,323-576-2747
Vittoria,808-974-2194
Demetra,679-413-0464
Lidia,926-794-2097
Jacklin,787-325-2082
Monti,182-778-2858
Daryl,524-717-0847
Had,890-357-5104
Yankee,102-528-9800
Denis,966-483-5548
Joeann,830-175-6987
Rolph,830-631-5050
Dulcie,125-409-8653
Rockey,189-663-6138
Jamal,741-602-1646
Ludvig,141-876-3432
Lisette,205-197-5201
Lark,130-914-9353
Madlen,210-195-8808
Tiphanie,147-529-6554
Kristyn,230-842-1822
Abraham,203-629-9997
Hendrika,687-252-0279
Filippo,987-543-9920
Obie,396-125-3299
Zonda,624-357-6456
Burt,307-368-9510
Debee,911-393-9895
Chryste,406-707-0855
Renie,120-586-7836
Mattheus,601-509-1756
Elonore,251-647-0317
June,915-734-2456
Afton,363-882-2160
Livvie,246-618-9130
Lynde,202-698-8065
Bengt,876-667-8413
Geno,977-806-6538
Deva,898-411-6218
Emmalee,446-721-9177
Cheston,931-891-2833
Rodolph,652-679-7970
Christan,298-680-6530
Westley,922-764-1272
Brigida,743-643-4475
Willy,290-901-7492
Thatch,390-901-3047
Isabelita,881-866-8696
Freddi,804-351-0869
Antonia,588-388-9057
Stearne,682-225-7066
Hirsch,690-527-7627
Bel,154-814-8233
Vida,979-159-5962
Sauncho,182-181-6505
Gerladina,803-235-5357
Denise,605-806-0723
Stormi,645-878-7024
Demetria,430-319-9201
Brigit,846-645-0419
Abe,202-273-8938
Bronnie,607-466-1602
Wilbur,371-650-6523
Rodrick,140-610-4368
Laverna,741-539-6403
Darren,215-358-5276
Marika,721-377-3551
Alexei,181-242-5712
Theresa,963-135-9393
Antonin,117-252-6038
Damien,866-726-2857
Jesse,212-426-9063
Wittie,255-905-2062
Husein,280-831-5692
Darla,630-293-9658
Tobiah,987-214-2696
Nobie,299-293-3129
Adriena,130-391-7627
Daisey,709-711-5948
El,689-716-9305
Kerianne,293-627-6803
Asher,215-872-8691
Rene,439-143-8829
Jori,864-203-3422
Ole,826-746-1726
Hester,247-100-6566
Rafaellle,270-864-3892
Clary,833-656-1919
Bertine,697-114-7828
Adoree,967-182-1089
Johnna,658-944-4381
Emili,329-710-8272
Idalia,732-133-0104
Aurora,402-167-0284
Rowan,431-833-6745
Garold,826-364-3621
Saree,598-971-2077
Felisha,404-791-5295
Margarete,113-535-4143
Eugenius,709-782-3836
Jackquelin,178-944-7130
Woodrow,666-430-3450
Emelda,735-835-1568
Aurelia,997-435-0872
Augusta,419-175-8502
Wylie,628-882-2630
Hynda,475-636-4368
North,633-542-6914
Polly,291-812-5619
Ulric,669-416-9072
Griffin,751-744-5747
Palmer,849-207-5835
Ellerey,380-382-1626
Helen,403-560-6854
Joli,953-614-2675
Alvin,847-732-5375
Alia,210-898-1867
Lanie,247-868-6779
Emilie,864-431-3653
Paulina,185-317-4608
Ailyn,548-176-6953
Lyell,130-470-6045
Fifi,184-506-7634
Simonne,446-724-1612
Erastus,480-589-8955
Lindsay,548-824-0971
Chet,496-331-3078
Beltran,945-218-2235
Minny,857-272-5989
Leonardo,258-986-8707
Eddy,338-123-8852
Yardley,651-841-2667
Mack,520-117-4661
Fanechka,720-605-8113
Karla,829-480-2117
Constantine,539-937-4603
Patrizia,709-743-1483
Doretta,888-980-6230
Margret,181-598-0159
Deborah,949-769-9847
Sheffield,512-482-1334
Winny,103-644-8808
Mordecai,881-788-3680
Jimmy,871-409-7375
Ailey,783-252-7283
Brewster,445-969-9861
Arnuad,259-455-5234
Arty,717-254-7268
Walker,536-578-0618
Damian,759-183-2711
Jayme,491-905-0794
Luz,182-479-6023
Melina,284-201-0195
Loydie,423-265-2463
Elvis,729-140-2138
Brittne,410-345-6174
Angie,811-792-7498
Rodrique,484-516-9410
Gail,635-690-6914
Malorie,580-806-1561
Clemence,271-711-6437
Udale,316-989-1643
Cal,901-612-8124
Stillmann,956-801-1845
Louie,532-460-8612
Cherrita,606-201-0645
Gorden,949-114-6116
Nada,371-370-8279
Susette,318-131-2714
Asher,949-371-0101
Randie,409-953-4330
Arleen,252-877-3828
Carlie,642-776-0335
Wendall,892-179-7028
Fredia,455-739-6240
Maddy,788-645-3848
Netty,259-601-9988
Rosabel,343-849-1280
Keary,248-921-2044
Odelia,615-625-2582
Jo,822-337-4591
Crosby,823-845-4922
Thoma,183-900-4995
Marta,477-692-5916
Roxanna,734-790-3289
Martie,145-911-3382
Fields,983-735-6434
Ashlan,427-514-3092
Hildagarde,602-172-7718
Loralee,798-370-0436
Krishna,279-382-4098
Rollie,346-347-8757
Virge,765-559-4181
Reena,626-678-0314
Wilhelm,276-560-2825
Chelsea,111-555-7235
Cliff,885-800-8585
Diane-marie,195-159-0195
Jackquelin,587-944-6069
Barry,132-949-2063
Gabi,240-446-7150
Anatola,901-220-0669
Bev,392-825-8179
Georgeanna,209-992-7149
Chad,202-995-2965
Magdalene,941-990-7069
Ferd,238-242-9857
Erl,621-432-8245
Marguerite,291-808-9184
Zora,924-218-4011
Bradford,947-301-5802
Hinda,136-708-9983
Jocelyn,591-521-2340
Romy,561-567-0527
Anabel,314-191-1286
Delmer,500-572-0120
Dari,517-439-9895
Hurley,823-654-1072
Sophia,515-157-7899
Etta,876-154-6002
Olenka,312-796-8230
Nessie,423-898-5337
Orv,498-128-4275
Dale,804-237-9725
Jeannie,222-453-8875
Kele,394-299-6338
Mavis,480-260-5380
Hashim,557-946-3188
Kerrie,422-821-6386
Robinette,666-498-5764
Lauri,321-154-5684
Kris,486-994-7038
Gerrie,261-433-0979
Skippie,768-373-8783
Bea,437-286-2059
Malachi,291-697-7210
Katrina,805-377-8190
Anabelle,403-428-0209
Imelda,402-480-9335
Aryn,799-248-3556
Horten,254-223-7870
Adella,228-201-7233
Joli,202-609-3289
Heida,529-923-5821
Ellyn,409-297-8768
Kimble,253-545-3889
Marion,213-349-3075
Loralyn,703-873-5800
Phip,788-753-9689
Fae,647-985-4253
Halette,839-413-3685
Shep,578-142-3120
Glori,133-728-6801
Adrian,922-519-9333
Garrot,717-653-2831
Gherardo,952-345-1579
Cathie,976-568-9419
Erie,755-788-0504
Doti,406-500-9832
Lyndsie,533-598-1042
Daron,903-682-5034
Katharyn,400-531-5397
Meade,726-232-5238
Mortie,101-701-4491
Marcelia,339-689-7115
Tammie,794-854-6265
Ilise,658-848-8185
Stirling,861-150-9480
Gerladina,280-757-9013
Raye,169-328-4242
Birch,766-568-6018
Mackenzie,238-714-4418
Peggie,550-737-8629
Cody,882-960-7796
Sherrie,604-613-2000
Mac,376-906-5752
Orlando,496-795-4695
Vernen,654-447-8504
Cobbie,435-255-0163
Palm,202-749-2903
Nanci,290-120-6897
Helen-elizabeth,366-383-7758
Minor,400-296-3360
Dodi,981-743-9811
Norman,636-232-3611
Maribeth,641-379-6759
Nomi,977-757-0267
Greta,995-426-8755
Timoteo,116-555-2786
Mack,392-416-3503
Helenelizabeth,645-319-1534
Thorny,548-466-0357
Elvin,209-714-6456
Karol,278-651-9515
Fredrika,547-322-9312
Vincent,127-319-9162
Abbie,457-527-3135
Ernesto,966-758-4746
Nowell,821-608-6717
Carolina,279-152-2563
Modestia,735-382-4605
Perl,512-891-4297
Craggie,150-293-3114
Chandra,199-879-3016
Fabian,633-921-1211
Sarajane,837-534-1204
Roderic,948-719-7641
Yard,243-318-6868
Rudy,701-539-2325
Krishnah,876-258-9950
Elvera,589-629-6275
Beltran,515-707-1182
Chan,194-325-9841
Harriet,734-543-6283
Anna-maria,493-347-5568
Teddie,645-946-1792
Edee,949-300-4281
Dulcea,880-454-4223
Edgardo,931-712-5291
Worthy,527-744-8285
Feliza,424-965-5440
Olva,264-744-1484
Fitzgerald,782-789-2091
Coreen,908-634-9146
Bord,878-417-1862
Rosana,531-909-2408
Wood,953-736-3784
Lonnie,235-851-0440
Mitchel,555-936-2226
Crosby,936-388-8867
Prinz,393-566-9121
Care,542-727-9449
Conny,240-363-1719
Arlena,930-505-5245
Jayne,783-517-2800
Cristi,304-990-4684
Verene,449-139-8326
Carry,424-845-1691
Deeanne,483-139-4309
Shanan,150-975-3003
Mylo,900-821-3571
Brian,269-464-4012
Griffin,759-104-5328
Jaclin,770-384-1005
Reidar,275-290-4825
Brandice,171-103-4241
Murielle,543-892-5979
Shelia,231-729-6957
Holly-anne,988-114-1001
Korrie,338-637-4345
Cecilla,857-606-9669
Stephen,131-740-3588
Murry,545-822-1843
Friedrick,221-189-5433
Karin,427-112-1672
Lorelei,449-287-6273
Franklyn,896-847-6969
Drugi,185-214-9840
Rasla,757-843-4378
Daryle,727-220-3931
Bee,220-303-3365
King,122-763-5433
Yettie,610-796-1628
Delmor,367-827-8168
Kenny,619-173-0101
Ellette,252-473-9931
Kathe,280-638-3973
Antonetta,367-961-9230
Philippe,473-603-0292
Leoline,777-306-8523
Morris,704-313-0580
Frasco,796-460-8720
Tanny,484-470-7944
Granger,159-682-4598
Olympie,501-540-7412
Aliza,588-597-7026
Tarah,549-747-2335
Emilia,881-852-7795
Mimi,444-253-9311
Janette,354-720-3025
Rorke,804-120-0222
Raul,724-364-8928
Thatch,313-297-1660
Briana,255-696-9972
Paquito,191-976-1625
Eduardo,482-791-6999
Prince,503-351-6581
Dyanna,181-770-0650
Gena,264-707-9077
Orton,941-470-7097
Karlis,278-639-4181
Tatum,333-871-1595
Tabbie,720-866-1388
Drugi,316-226-7177
Bendite,230-677-2277
Heall,383-949-2158
Ileana,374-170-1407
Phaedra,465-859-4646
Bartie,103-744-9174
Sharona,753-140-6678
Gwenore,479-141-7399
Errol,308-110-8878
Sianna,369-444-6687
Bernita,302-695-9063
Cloris,104-705-9458
Alison,657-813-5647
Andre,848-529-9521
Anne-marie,903-794-2344
Obadias,843-600-8986
Cirstoforo,861-647-9459
Barby,750-635-7962
Letitia,685-897-4952
Humphrey,286-723-4090
Merv,304-269-6661
Dreddy,574-947-5530
Anett,932-587-2867
Carrissa,963-640-9914
Dionisio,723-247-0494
Nata,739-289-2706
Konstantin,961-841-3435
Ivett,879-423-3683
Abbot,764-540-0912
Israel,143-481-2068
Allsun,797-846-7899
Seamus,210-567-4658
Jerome,375-123-2242
Emmalee,858-895-5342
Nance,386-292-5438
Elmer,285-644-9936
Matilda,945-242-4640
Goldia,994-573-3885
Homerus,797-638-9673
Cordie,599-928-8967
Si,201-821-3496
Ole,201-587-9848
Lesley,457-590-5234
Agna,889-131-7464
Cristian,245-860-5038
Kaia,713-514-5223
Tildi,555-564-1478
Erina,282-745-6386
Michell,306-645-0347
Cristen,808-908-5104
Krista,517-319-4894
Joane,131-530-9539
Ezra,669-102-6924
Trescha,270-207-7237
Vanna,293-613-1745
Matthieu,320-447-9866
Meridith,735-574-9211
Larina,223-118-0972
Orion,560-564-0791
Vyky,236-203-2144
Kellby,475-402-8254
Jonis,245-900-2288
Roby,482-161-2751
Alfreda,711-369-2427
Lin,433-926-9446
Wittie,805-367-6621
Cross,669-173-5509
Leoline,193-422-8969
Yankee,602-298-0484
Marylin,219-930-9513
Dennie,787-276-2264
Baxy,646-316-8691
Bailey,169-541-5729
Petrina,452-405-8512
Hillary,148-805-0497
Adriano,857-997-4402
Sonnnie,723-931-9668
Quintus,361-787-0923
Ashton,915-943-0830
Ronda,578-558-5936
Terry,950-394-6468
Mace,976-721-3409
Sasha,688-806-6043
Corina,147-188-9750
Tonye,124-992-1787
Corbie,472-321-9117
Lewiss,978-145-4616
Arleen,835-135-4993
Reagen,757-606-6921
Giustino,571-394-8111
Ardyce,472-707-3415
Arlinda,889-623-3994
Johnnie,980-921-7256
Lucia,936-687-4551
Agathe,828-819-8457
Herman,625-549-7088
Abelard,646-734-0826
Catina,571-938-3846
Quillan,497-339-3242
Sasha,185-812-3401
Bruno,697-816-0676
Hamid,111-927-8864
Joy,772-531-0498
Margaretta,845-508-6119
Lena,944-405-9246
Teri,258-277-6710
Crysta,846-911-8826
Roarke,134-852-1704
Eugene,989-587-5007
Rea,683-223-7044
Leontyne,563-146-0320
Ricoriki,882-604-7403
Martina,205-398-3841
Ali,186-673-4327
Tuesday,814-767-9843
Cher,421-109-6977
Artur,630-668-4178
Sarette,922-228-6822
Rycca,522-793-0126
Quinta,465-713-5508
Raddy,713-153-6513
Leola,945-574-4570
Truman,120-324-8713
Dalt,788-374-4870
Philis,323-611-7072
Ashleigh,382-527-7522
Aurie,851-396-3039
Kaycee,662-129-0712
Bab,914-959-1546
Ravid,499-484-0814
Madeleine,350-583-0419
Fransisco,532-719-3833
Gregory,703-574-0038
Zorine,139-463-4047
Amanda,919-268-3004
Aurelie,187-342-7008
Trudi,880-731-3125
Colin,620-303-2700
Goran,751-529-2250
Gibbie,708-544-5035
Lindsay,525-373-3128
Rayna,898-899-7325
Heinrick,804-339-4106
Joelly,481-634-8869
Cart,389-403-3377
Brock,875-981-6586
Tully,608-296-7034
Foss,466-336-9452
Melanie,839-174-3911
Mireille,174-448-1871
Roderigo,628-443-7447
Dene,745-575-8979
Rozanne,589-579-8248
Murry,546-952-4967
Silvana,590-539-1513
Tome,977-524-6622
Otto,147-399-1023
Costanza,626-766-9360
Berk,271-619-2853
Ronalda,223-263-1422
Bo,381-761-6340
Georgianne,104-163-1726
Daune,978-162-5995
Bobbee,263-223-3906
